idx,method,ws,bpr,mae
0,SAD,7,33.51650857351331,8.314892
0,SAD,15,24.871169281284203,6.3741174
0,SSD,7,33.123175848230574,8.207484
0,SSD,15,23.477973367384166,5.807014
0,NCC,7,19.501322510032836,3.6894085
0,NCC,15,11.85926669098869,1.8899378
1,SAD,7,32.02491213854315,7.001358
1,SAD,15,22.710184391282638,4.7691383
1,SSD,7,29.951099092647905,6.5437107
1,SSD,15,20.315076366445876,4.39166
1,NCC,7,10.839230022707358,2.4956748
1,NCC,15,7.856180452828056,1.7602845
2,SAD,7,43.406741573033706,10.441514
2,SAD,15,32.5812734082397,8.4615755
2,SSD,7,42.45593008739076,10.211402
2,SSD,15,30.902372034956304,8.144156
2,NCC,7,29.934581772784018,6.526741
2,NCC,15,13.901622971285892,2.6335125
3,SAD,7,51.61549503995886,16.295004
3,SAD,15,40.629485998328796,12.758718
3,SSD,7,49.01656203800913,15.380177
3,SSD,15,37.78951428020483,11.667357
3,NCC,7,18.200029995929125,4.0790906
3,NCC,15,14.276990979795597,2.800952
4,SAD,7,37.260850263196836,7.6464157
4,SAD,15,27.596558357820854,5.8616104
4,SSD,7,36.412066887935225,7.554308
4,SSD,15,26.652643595543623,5.6838255
4,NCC,7,30.031921865420795,5.9380507
4,NCC,15,18.919518846584783,3.475622
5,SAD,7,39.13811645414042,7.902628
5,SAD,15,28.45620349845269,5.702349
5,SSD,7,38.263503281171126,7.6977854
5,SSD,15,27.37857472071637,5.4710884
5,NCC,7,28.671290301341003,5.56079
5,NCC,15,17.073063670083183,3.0683422
6,SAD,7,43.352553767113925,8.356475
6,SAD,15,35.19798868636078,5.994861
6,SSD,7,42.51086273330965,8.176885
6,SSD,15,34.390912651782216,5.8817816
6,NCC,7,36.07520564042303,6.8989544
6,NCC,15,27.405970176445404,4.178736
7,SAD,7,41.328011611030476,10.630422
7,SAD,15,31.03810799746939,9.0469475
7,SSD,7,38.69040973540248,10.039141
7,SSD,15,28.563321052435715,8.569087
7,NCC,7,8.745487700494957,2.319653
7,NCC,15,6.21301775147929,1.3987935
8,SAD,7,27.335170242078334,5.5395308
8,SAD,15,15.4802204290494,3.6805558
8,SSD,7,24.821885455618972,5.104207
8,SSD,15,14.00905333595749,3.4499383
8,NCC,7,10.136784097618579,2.1739779
8,NCC,15,7.583152922653021,1.8977538
9,SAD,7,30.51253493601194,5.7602496
9,SAD,15,17.189568579654107,3.5253565
9,SSD,7,28.06438733267489,5.1773243
9,SSD,15,14.757181583205497,3.0893104
9,NCC,7,12.561203690083426,2.562339
9,NCC,15,8.923655620232417,2.210146
10,SAD,7,38.635601591314824,7.184195
10,SAD,15,23.21815331357783,4.5174656
10,SSD,7,34.96724030122611,6.586099
10,SSD,15,20.008337184750204,3.963471
10,NCC,7,15.817995632040164,3.2464185
10,NCC,15,11.631278942264995,2.5162122
11,SAD,7,27.48333034447904,4.7338347
11,SAD,15,16.88322274572458,3.1976979
11,SSD,7,26.04868028497367,4.495842
11,SSD,15,16.7658422863105,3.1014078
11,NCC,7,16.482172842726488,2.8935554
11,NCC,15,12.830336327621906,2.3810248
12,SAD,7,32.042432703975784,5.950028
12,SAD,15,20.009394694607185,4.0805454
12,SSD,7,30.23264917339736,5.6120625
12,SSD,15,19.24085648299169,3.8335466
12,NCC,7,16.91175511162724,3.1002195
12,NCC,15,13.053406229204453,2.468275
13,SAD,7,19.934497816593886,3.102987
13,SAD,15,14.430016088255574,2.2531419
13,SSD,7,19.61158354401287,3.1006415
13,SSD,15,16.064123190071246,2.5632808
13,NCC,7,14.991955872213284,2.8119693
13,NCC,15,15.076993794529994,2.465827
14,SAD,7,26.673210494307938,4.9835224
14,SAD,15,19.407427955658456,3.041336
14,SSD,7,25.444108954730225,4.6847305
14,SSD,15,19.914218955050305,3.0407226
14,NCC,7,15.168521343903038,2.525964
14,NCC,15,16.22691433631718,2.3708656
15,SAD,7,27.52965767208121,5.75345
15,SAD,15,17.933580156321224,3.8156767
15,SSD,7,25.54284380107401,5.352126
15,SSD,15,17.14641495169163,3.6159635
15,NCC,7,13.33955949879368,2.7030206
15,NCC,15,9.834005981566103,2.0123534
16,SAD,7,28.346859604445818,6.0916915
16,SAD,15,20.97127353214175,4.6245213
16,SSD,7,27.114025275483733,5.777211
16,SSD,15,19.731299236023514,4.312698
16,NCC,7,13.186329342885022,2.74846
16,NCC,15,10.793250351048385,2.3595283
17,SAD,7,29.164343509893246,5.6478057
17,SAD,15,20.240701706670293,4.2542734
17,SSD,7,27.684775957027263,5.4157434
17,SSD,15,19.736180050316175,4.1765485
17,NCC,7,14.72632079961923,2.6433256
17,NCC,15,12.53688719657306,2.274902
18,SAD,7,35.78729138592308,6.933933
18,SAD,15,23.791852389343838,4.7621164
18,SSD,7,33.497460350367994,6.5093017
18,SSD,15,21.536228879444387,4.4104104
18,NCC,7,18.88048097854255,4.081966
18,NCC,15,15.08551881413911,3.4119358
19,SAD,7,18.013356138267625,3.2268808
19,SAD,15,12.092425348338107,2.4632046
19,SSD,7,17.216999117579775,3.14256
19,SSD,15,11.896331964311004,2.4745803
19,NCC,7,11.730741995577004,2.6604366
19,NCC,15,9.889643001100302,2.4525785
20,SAD,7,33.02762653760839,6.39914
20,SAD,15,25.963299052228273,5.0557857
20,SSD,7,32.15970961887477,6.1758986
20,SSD,15,25.252671909659206,4.660259
20,NCC,7,24.090340794515022,4.197259
20,NCC,15,22.035087719298247,3.622592
21,SAD,7,38.08372170266651,8.689597
21,SAD,15,28.857311896038112,6.140685
21,SSD,7,35.85833947458559,8.393543
21,SSD,15,26.107760812928802,5.888069
21,NCC,7,13.865044684097445,3.2594376
21,NCC,15,12.035124503077546,2.8075464
22,SAD,7,42.90763038121212,7.96938
22,SAD,15,30.286501039191098,5.452786
22,SSD,7,41.02656295217967,7.614456
22,SSD,15,28.03974357850058,4.901993
22,NCC,7,19.370171269216264,3.0672226
22,NCC,15,15.532618323087583,2.4712532
23,SAD,7,25.786289619582277,5.0546675
23,SAD,15,18.510059625509957,3.7414196
23,SSD,7,24.966874716691656,4.8827624
23,SSD,15,17.827504445761708,3.5597699
23,NCC,7,16.920917744691238,2.3782609
23,NCC,15,14.478363959691762,1.9842271
24,SAD,7,12.984001854857407,2.217835
24,SAD,15,9.923487131926734,1.8447587
24,SSD,7,12.140621377231625,2.0651202
24,SSD,15,10.565441687920242,1.7953697
24,NCC,7,9.722061210294457,1.7394894
24,NCC,15,8.839554834222119,1.5669777
25,SAD,7,31.585241190425677,6.595166
25,SAD,15,24.89922271298243,5.7213383
25,SSD,7,29.662275541497095,6.3103147
25,SSD,15,23.680251509248365,5.3487744
25,NCC,7,10.625494242675565,1.9179449
25,NCC,15,10.325573321503654,1.7046783
26,SAD,7,31.248492566544144,5.5964613
26,SAD,15,21.022064002006697,4.006492
26,SSD,7,28.692850182821527,5.193686
26,SSD,15,18.978707803922703,3.7032442
26,NCC,7,10.250547499831168,1.9772761
26,NCC,15,8.239993053746636,1.6126233
27,SAD,7,29.425481106897035,5.3907466
27,SAD,15,19.182469447956173,3.2416408
27,SSD,7,26.94011331179473,5.0349193
27,SSD,15,15.630472444631739,2.7679777
27,NCC,7,9.206349206349207,1.9088126
27,NCC,15,7.560987030013579,1.4789219
28,SAD,7,36.48725161545444,7.324017
28,SAD,15,24.62231169508129,4.7321844
28,SSD,7,33.36418948673934,6.757137
28,SSD,15,20.67691809938078,4.055999
28,NCC,7,10.525842777413295,2.3282676
28,NCC,15,8.95307767662152,1.6297804
29,SAD,7,52.94197313502666,13.573081
29,SAD,15,42.00760886962731,10.431288
29,SSD,7,50.53003533568905,13.010511
29,SSD,15,38.730131369965896,9.604855
29,NCC,7,19.4321665579099,4.302347
29,NCC,15,10.316297509264844,2.0365293
30,SAD,7,58.55044570502431,15.269775
30,SAD,15,41.64708265802269,11.027692
30,SSD,7,55.37682333873582,14.661306
30,SSD,15,37.347042139384115,10.100347
30,NCC,7,15.766815235008103,4.0892863
30,NCC,15,8.217179902755268,1.9865178
31,SAD,7,32.85031225604996,6.9552402
31,SAD,15,20.98848555815769,4.353491
31,SSD,7,30.443013270882126,6.3782
31,SSD,15,18.23672911787666,3.8937025
31,NCC,7,11.307572209211553,2.44338
31,NCC,15,7.5,1.7304506
32,SAD,7,33.349348609442856,6.519145
32,SAD,15,25.957682712741388,4.8694487
32,SSD,7,31.440450891619697,6.3846784
32,SSD,15,23.581262126951863,4.474271
32,NCC,7,8.132680402845791,2.0487654
32,NCC,15,8.00147833317934,1.6088625
33,SAD,7,25.34681672933537,4.612432
33,SAD,15,17.086097814509195,3.0724444
33,SSD,7,23.165175878752102,4.2836337
33,SSD,15,15.113637821952441,2.774773
33,NCC,7,9.77375101061304,2.108432
33,NCC,15,8.09773751010613,1.6546149
34,SAD,7,32.041302196185434,6.5447903
34,SAD,15,25.823235160367012,5.654253
34,SSD,7,29.874541904074043,6.1722465
34,SSD,15,24.361340716368403,5.405986
34,NCC,7,9.533745285290104,1.9215461
34,NCC,15,9.489607575635985,1.7435542
35,SAD,7,24.09012834904448,4.607693
35,SAD,15,19.006207819959698,3.55157
35,SSD,7,22.847211890883028,4.4173117
35,SSD,15,19.455226605715524,3.4790938
35,NCC,7,8.766686052015851,2.018271
35,NCC,15,8.335249327148055,1.4136792
36,SAD,7,25.510505419505847,4.8926816
36,SAD,15,19.566002034365464,3.609112
36,SSD,7,23.783482264926885,4.591739
36,SSD,15,19.378971661070338,3.478622
36,NCC,7,9.225738004353104,2.4017725
36,NCC,15,7.6682453051001325,1.4787099
37,SAD,7,31.040420128276867,5.5085936
37,SAD,15,22.95424217640222,3.9852064
37,SSD,7,29.046317420687874,5.1617985
37,SSD,15,22.259050406784038,3.8177764
37,NCC,7,11.867762903017521,3.10294
37,NCC,15,8.85347165425509,1.677109
38,SAD,7,27.266863052873763,5.349256
38,SAD,15,19.976562667985466,3.8793173
38,SSD,7,25.24351172941708,5.021344
38,SSD,15,19.384178725783215,3.683924
38,NCC,7,10.700539703700517,2.2085526
38,NCC,15,9.305050852559829,1.5452497
39,SAD,7,25.41282946967291,4.531702
39,SAD,15,19.006033661479833,3.7491083
39,SSD,7,23.032255137685436,4.254967
39,SSD,15,17.726715964251692,3.618699
39,NCC,7,8.368869936034114,1.9274282
39,NCC,15,6.811686249603048,1.3013957
40,SAD,7,20.964531601788103,4.01484
40,SAD,15,12.97027441511404,2.4307113
40,SSD,7,18.756593902611456,3.6691132
40,SSD,15,12.166498080290621,2.24282
40,NCC,7,5.713446666884198,1.5840845
40,NCC,15,4.131997694173437,1.0919354
41,SAD,7,25.038298244846153,4.8193736
41,SAD,15,17.625946513765484,3.430016
41,SSD,7,22.97238149428809,4.4902205
41,SSD,15,16.438700923534817,3.2276065
41,NCC,7,8.425613866153107,1.7687067
41,NCC,15,6.371733706832407,1.4443444
42,SAD,7,22.789991008030757,4.9188147
42,SAD,15,14.215063098818643,2.9398184
42,SSD,7,20.34355523859725,4.423065
42,SSD,15,12.94998604694428,2.7420838
42,NCC,7,9.052432482713714,2.8045769
42,NCC,15,6.635453164242969,1.7258972
43,SAD,7,21.427318954936,3.7915425
43,SAD,15,13.65168429871218,2.6619961
43,SSD,7,19.132230599879204,3.4199119
43,SSD,15,12.65415862996084,2.5609975
43,NCC,7,8.656262785668362,1.9639999
43,NCC,15,7.512615192783525,1.5746484
44,SAD,7,20.994265314648132,3.685213
44,SAD,15,13.284721431012875,2.502374
44,SSD,7,19.245376172572254,3.2770436
44,SSD,15,13.438532528198701,2.4430785
44,NCC,7,9.095742660742092,1.9146209
44,NCC,15,8.71216436899472,1.6477807
45,SAD,7,28.705937055011475,4.833291
45,SAD,15,21.74014123390776,3.5325084
45,SSD,7,27.11051698584755,4.536235
45,SSD,15,21.163290808171805,3.468995
45,NCC,7,16.759175844933306,2.864883
45,NCC,15,15.0402487576647,2.4879484
46,SAD,7,22.47583342522145,4.1658864
46,SAD,15,13.248428713198809,2.7874284
46,SSD,7,20.43591722718418,3.8451152
46,SSD,15,12.1770132686441,2.6714172
46,NCC,7,8.176204653214246,1.7249011
46,NCC,15,6.740912265225861,1.4812711
47,SAD,7,28.99517602381197,4.3398504
47,SAD,15,19.385346255920002,2.7763412
47,SSD,7,27.210744710488115,4.1159487
47,SSD,15,16.942566824533365,2.542657
47,NCC,7,14.423542176800927,2.482597
47,NCC,15,10.668465271770208,1.8869416
48,SAD,7,25.673387225612675,4.0297136
48,SAD,15,16.776368342013612,2.7526076
48,SSD,7,23.732306610857272,3.7016387
48,SSD,15,16.53513116273125,2.7503734
48,NCC,7,16.191647761766305,2.7810607
48,NCC,15,13.734543246956576,2.271133
49,SAD,7,37.74056424642599,7.393904
49,SAD,15,27.326628364224376,5.2561474
49,SSD,7,35.75479903468045,6.9140744
49,SSD,15,26.19838051720547,4.7677975
49,NCC,7,25.419264740110986,4.2829294
49,NCC,15,22.484105303132388,3.6292999
50,SAD,7,18.81918819188192,3.1065073
50,SAD,15,11.130181069252552,2.1311107
50,SSD,7,16.718870677078865,2.877803
50,SSD,15,10.218398695614864,2.0918944
50,NCC,7,8.901141336994765,2.00003
50,NCC,15,7.041105294773878,1.6182787
51,SAD,7,25.64871099735632,4.2170167
51,SAD,15,15.648205836294139,2.961704
51,SSD,7,23.31318301985283,3.9862561
51,SSD,15,14.816373953895635,2.8936584
51,NCC,7,14.348258036270565,2.8004055
51,NCC,15,10.1284792968158,2.184897
52,SAD,7,24.822517330660652,3.4958987
52,SAD,15,16.077841810740836,2.4395728
52,SSD,7,22.728917842924357,3.2515178
52,SSD,15,15.450040368607143,2.3681538
52,NCC,7,15.22035691416799,2.6136796
52,NCC,15,12.63815807789749,2.0736818
53,SAD,7,20.917100446962312,3.5184946
53,SAD,15,12.560928504423638,2.4054346
53,SSD,7,19.042801699560393,3.2636068
53,SSD,15,11.815991318262917,2.3355937
53,NCC,7,8.90061986131293,1.9017264
53,NCC,15,6.960104475141169,1.5196382
54,SAD,7,10.512689032540075,1.9926463
54,SAD,15,4.991551853128336,1.1466732
54,SSD,7,9.148376358638545,1.8103381
54,SSD,15,4.725077966728592,1.1148456
54,NCC,7,3.5280470070022947,1.0393097
54,NCC,15,2.0645421608762535,0.9053545
55,SAD,7,16.06499721005732,3.4454825
55,SAD,15,9.477350738066654,1.7658839
55,SSD,7,15.042018227625507,3.2970004
55,SSD,15,8.88385384082109,1.6307899
55,NCC,7,6.595255406570738,1.6542438
55,NCC,15,4.245785495679816,1.003412
56,SAD,7,17.54898328356908,3.7091095
56,SAD,15,12.433799010526775,2.442547
56,SSD,7,16.148682518579864,3.3822558
56,SSD,15,11.627400126408475,2.4200878
56,NCC,7,6.848941873896649,2.0928922
56,NCC,15,3.47950221214829,1.1960363
57,SAD,7,29.52240046209503,6.887312
57,SAD,15,20.888519573170115,4.562488
57,SSD,7,27.312248558486434,6.309463
57,SSD,15,18.320649365126012,3.83221
57,NCC,7,12.004337207770492,3.3214
57,NCC,15,8.553824951105076,1.8236971
58,SAD,7,54.41318115565254,11.956171
58,SAD,15,43.77977991629659,8.898097
58,SSD,7,51.80149847850731,11.341826
58,SSD,15,41.36499629216069,8.060558
58,NCC,7,33.24610676872459,5.9829803
58,NCC,15,26.28644976517018,3.5079026
59,SAD,7,48.66515209145019,9.895347
59,SAD,15,36.81959764384181,7.6528645
59,SSD,7,46.225726533507405,9.344569
59,SSD,15,32.86902351018226,6.7668495
59,NCC,7,18.646751030562207,3.8174934
59,NCC,15,11.158855639051367,1.8163649
60,SAD,7,20.436661746434602,3.008943
60,SAD,15,16.054115473244913,2.1234612
60,SSD,7,20.011893510603276,2.9409654
60,SSD,15,15.71536280516943,2.1866076
60,NCC,7,13.562849770094193,2.7154593
60,NCC,15,10.321868130701187,1.7675675
61,SAD,7,37.54899237724902,7.3345203
61,SAD,15,29.867604851402646,4.8411956
61,SSD,7,36.84072462426319,7.153047
61,SSD,15,29.53738851340925,4.630692
61,NCC,7,27.511341542449774,5.760501
61,NCC,15,19.556831157608865,2.5405657
62,SAD,7,19.341426538598363,3.779515
62,SAD,15,12.495553183920313,2.1163137
62,SSD,7,18.33533440056919,3.5740736
62,SSD,15,12.540021344717184,2.0705726
62,NCC,7,11.774057274991106,2.909234
62,NCC,15,9.02258982568481,1.8025169
63,SAD,7,19.609366010815787,3.5983615
63,SAD,15,13.712461166724196,2.145094
63,SSD,7,18.706132781037855,3.488734
63,SSD,15,13.450696122425498,2.133147
63,NCC,7,14.513577263836153,3.7832947
63,NCC,15,9.876596479116326,1.6120039
64,SAD,7,28.758031411743705,6.250344
64,SAD,15,22.68985364983045,4.047012
64,SSD,7,27.75856683919329,6.1604834
64,SSD,15,21.797474567196147,3.8556242
64,NCC,7,19.44605568445476,4.2235785
64,NCC,15,14.579243262537926,2.3340702
65,SAD,7,23.620950798846923,3.873065
65,SAD,15,16.657301998338788,2.4396827
65,SSD,7,22.323740655689647,3.7810404
65,SSD,15,15.59583720134851,2.442116
65,NCC,7,15.090145111643134,3.428124
65,NCC,15,12.205012947671861,2.1300623
66,SAD,7,32.63964950711939,7.4152174
66,SAD,15,24.11367959877789,4.991228
66,SSD,7,31.52130051305701,7.102743
66,SSD,15,22.23900386233931,4.431117
66,NCC,7,15.88170865279299,3.5856853
66,NCC,15,11.973251859111086,1.8741891
67,SAD,7,31.22213260694231,5.257828
67,SAD,15,23.21458463317761,3.2204225
67,SSD,7,30.079284159907477,5.1995764
67,SSD,15,21.306286427343142,2.9938402
67,NCC,7,16.699891954407803,3.7655475
67,NCC,15,13.155692176586065,2.1539593
68,SAD,7,21.87680608365019,3.6501846
68,SAD,15,16.107984790874525,2.3099942
68,SSD,7,21.82965779467681,3.7525935
68,SSD,15,16.77262357414449,2.384901
68,NCC,7,18.361977186311787,4.214452
68,NCC,15,14.471482889733842,2.3298578
69,SAD,7,28.416001994017947,5.8736315
69,SAD,15,19.492771684945165,3.7317333
69,SSD,7,27.31679960119641,5.595128
69,SSD,15,18.885842472582254,3.4276967
69,NCC,7,13.910767696909272,2.9521677
69,NCC,15,11.785892323030907,1.8386127
70,SAD,7,10.6202681114121,2.2329252
70,SAD,15,7.511981662846426,1.6342605
70,SSD,7,9.94825310828645,2.1521966
70,SSD,15,7.228936584010557,1.6192671
70,NCC,7,6.108911578801139,1.3558869
70,NCC,15,5.363964714871154,1.262524
71,SAD,7,35.06062674884852,6.022878
71,SAD,15,25.003605873246343,3.827651
71,SSD,7,33.34903891458407,5.691996
71,SSD,15,22.91027625796898,3.6144378
71,NCC,7,13.102301027914267,2.8688715
71,NCC,15,7.7944556092964214,1.4615909
72,SAD,7,37.03627396695811,10.311038
72,SAD,15,29.053940946960427,8.545097
72,SSD,7,35.74601784725531,10.111662
72,SSD,15,26.765732239663144,8.124251
72,NCC,7,9.608673817587142,3.0795045
72,NCC,15,8.559213999665204,2.463369
73,SAD,7,38.14270376310592,10.328256
73,SAD,15,29.981575494081625,8.412593
73,SSD,7,35.58315549487693,9.778858
73,SSD,15,27.25236271092083,7.967555
73,NCC,7,4.533223758334107,1.6012816
73,NCC,15,4.567686862929629,1.7519804
74,SAD,7,40.91352572660984,11.069602
74,SAD,15,31.082468932936223,8.651857
74,SSD,7,38.18681318681318,10.494419
74,SSD,15,27.80373831775701,8.06408
74,NCC,7,6.403409674437712,2.0680013
74,NCC,15,5.178699804868029,2.037993
75,SAD,7,47.54398595480783,9.844493
75,SAD,15,36.09058643729554,7.2634387
75,SSD,7,45.03934422088338,9.452068
75,SSD,15,33.268917433973705,7.090133
75,NCC,7,7.506346860672199,1.9497197
75,NCC,15,4.9827592739949225,1.372569
76,SAD,7,49.332634782825636,10.014577
76,SAD,15,37.90260210064117,7.6138043
76,SSD,7,46.85527530374473,9.725305
76,SSD,15,34.30756180924581,7.355552
76,NCC,7,9.586358306513985,2.3124177
76,NCC,15,6.202130579048474,1.5501913
77,SAD,7,47.07566573341669,8.5183935
77,SAD,15,37.98327398588346,6.332455
77,SSD,7,44.80777768717098,8.293083
77,SSD,15,34.61451339621445,5.6718116
77,NCC,7,17.702755352596338,3.1542814
77,NCC,15,14.158217583154384,2.069816
78,SAD,7,42.99294781382228,9.080857
78,SAD,15,35.019275975552425,6.6369257
78,SSD,7,41.131170662905504,8.798358
78,SSD,15,31.92195580629995,5.9627185
78,NCC,7,13.431123648330983,2.4104855
78,NCC,15,10.059238363892806,1.5807633
79,SAD,7,41.48385946138755,8.320786
79,SAD,15,34.50374531835206,6.0654063
79,SSD,7,39.46183342250758,8.056796
79,SSD,15,31.747146424112714,5.82897
79,NCC,7,7.011325129302658,1.5040733
79,NCC,15,6.021490993401106,1.307442
80,SAD,7,41.531571138099686,8.46892
80,SAD,15,32.45452547123152,6.1155205
80,SSD,7,39.61642028905864,8.063783
80,SSD,15,30.39512007473759,5.8384743
80,NCC,7,7.036874210034622,1.5033197
80,NCC,15,6.222179480134088,1.3038405
81,SAD,7,38.56331457638733,8.492283
81,SAD,15,29.86439650514608,5.854893
81,SSD,7,37.165109444803186,8.170437
81,SSD,15,29.37285030902837,5.7382417
81,NCC,7,9.177286085157412,2.1654055
81,NCC,15,7.483889672258609,1.665751
82,SAD,7,24.42648518360981,5.0250187
82,SAD,15,14.489342596531026,2.963748
82,SSD,7,22.609764166548512,4.6212792
82,SSD,15,12.79171983553098,2.7393904
82,NCC,7,7.910581785528617,1.9511096
82,NCC,15,4.716669029727303,1.2854885
83,SAD,7,21.08068114819482,4.481428
83,SAD,15,14.105039248101178,3.5160346
83,SSD,7,19.3442850371672,4.010815
83,SSD,15,12.444942833030833,3.200435
83,NCC,7,7.632281707725923,1.9483271
83,NCC,15,5.790684500757217,1.5647695
84,SAD,7,29.806522589995026,6.8266335
84,SAD,15,20.645700443231462,4.585303
84,SSD,7,27.906656934615427,6.3226175
84,SSD,15,18.454931082267567,4.0635576
84,NCC,7,6.798684057419102,1.799578
84,NCC,15,6.974284112426349,1.4746656
85,SAD,7,54.73203905560267,17.311913
85,SAD,15,44.003985979143536,14.410324
85,SSD,7,52.62104352234683,16.557554
85,SSD,15,40.80121677258066,13.4409075
85,NCC,7,24.616043566052745,7.3650374
85,NCC,15,19.19738463824617,6.1826825
86,SAD,7,55.84335936795397,16.85252
86,SAD,15,44.69146268872093,14.304028
86,SSD,7,53.10701852486517,15.923837
86,SSD,15,40.8701455653962,12.890809
86,NCC,7,29.76244160248201,8.565523
86,NCC,15,23.29858042172478,6.6678724
87,SAD,7,28.649987350705032,7.147228
87,SAD,15,20.819408012995485,5.573696
87,SSD,7,26.45300454043114,6.6108055
87,SSD,15,19.86471911907647,5.0041275
87,NCC,7,9.317870125028294,1.9575694
87,NCC,15,8.97034738958497,1.5418675
88,SAD,7,24.266274437225434,5.938426
88,SAD,15,18.944876827617108,4.2409325
88,SSD,7,22.384352383086078,5.4447494
88,SSD,15,17.697080683024712,3.8572745
88,NCC,7,6.893562307010452,1.7057439
88,NCC,15,5.99546078842014,1.3686165
89,SAD,7,40.23533829880453,9.410911
89,SAD,15,30.08074106528134,6.021174
89,SSD,7,38.13732240095137,8.871617
89,SSD,15,26.87613444326219,5.586846
89,NCC,7,10.220942604994681,1.9466628
89,NCC,15,8.38705639356575,1.3601742
90,SAD,7,47.735650675821184,10.21289
90,SAD,15,37.224002736220726,7.1345916
90,SSD,7,46.01917888042969,9.844481
90,SSD,15,35.74695025398715,6.728132
90,NCC,7,26.156243270290467,4.100371
90,NCC,15,20.619196615193623,2.972704
91,SAD,7,53.40424680288991,11.595823
91,SAD,15,44.811575639922346,8.783219
91,SSD,7,52.35555466607962,11.329917
91,SSD,15,42.6131246622771,8.378891
91,NCC,7,29.21728340704865,4.5569634
91,NCC,15,25.638921688314287,3.3987885
92,SAD,7,40.36756076609439,9.163081
92,SAD,15,30.669183211740652,6.231573
92,SSD,7,38.154694929403654,8.483512
92,SSD,15,27.01051383494852,5.595968
92,NCC,7,8.714747196109034,1.8298341
92,NCC,15,8.170302348372111,1.3751727
93,SAD,7,42.65979864200421,8.600301
93,SAD,15,31.371331426302767,5.865328
93,SSD,7,39.99979640243095,8.011769
93,SSD,15,28.16365172599839,5.341641
93,NCC,7,19.714352610629827,3.1019425
93,NCC,15,14.589801797766535,2.2762396
94,SAD,7,42.63017306943182,9.488057
94,SAD,15,30.556122354337866,6.221225
94,SSD,7,40.31887068949526,8.994731
94,SSD,15,27.31362110222783,5.8105865
94,NCC,7,13.83164221187557,2.870401
94,NCC,15,11.192008755495372,2.0347373
95,SAD,7,43.4524856448192,9.278426
95,SAD,15,33.63095546014174,6.516184
95,SSD,7,42.147845429620816,8.930266
95,SSD,15,32.359422688945216,6.0521946
95,NCC,7,22.157156898246342,3.9360561
95,NCC,15,18.269101443277638,2.72543
96,SAD,7,38.54807480208818,9.030335
96,SAD,15,28.813019288742925,5.887832
96,SSD,7,36.665767995882454,8.5163355
96,SSD,15,26.087595892257543,5.513201
96,NCC,7,8.736305482708758,1.7905489
96,NCC,15,8.599053944756257,1.4067638
97,SAD,7,36.5400145360575,7.97312
97,SAD,15,26.247678268594036,5.286175
97,SSD,7,34.194056367600744,7.542439
97,SSD,15,23.532261972058468,5.0233345
97,NCC,7,8.77816361140273,1.7322934
97,NCC,15,7.805055317774368,1.3059379
98,SAD,7,34.31823198057712,7.825789
98,SAD,15,25.22191407487021,4.9796386
98,SSD,7,32.11396547256902,7.231518
98,SSD,15,22.580057001928854,4.4539466
98,NCC,7,7.628086404944005,1.8068135
98,NCC,15,6.713560509370772,1.4578462
99,SAD,7,29.5465294462627,6.1882415
99,SAD,15,18.030988100418092,3.7523837
99,SSD,7,26.031517811536354,5.455891
99,SSD,15,14.608675911386898,3.0542705
99,NCC,7,5.93276452448968,1.6009513
99,NCC,15,3.204752265460943,1.0828751
100,SAD,7,43.11356064656768,8.959528
100,SAD,15,30.68646403158804,6.8015523
100,SSD,7,40.167811458890306,8.4303255
100,SSD,15,27.484884629622012,6.3294406
100,NCC,7,13.521161518529182,2.8423133
100,NCC,15,6.473902850326986,1.3885001
101,SAD,7,39.64550999991147,9.238212
101,SAD,15,28.45570203008384,7.013557
101,SSD,7,37.55787908030916,8.795669
101,SSD,15,24.699205850324475,6.291372
101,NCC,7,10.71703659108817,2.9786615
101,NCC,15,3.052651149613549,1.1798402
102,SAD,7,23.922786000043722,4.3875303
102,SAD,15,16.715125811599588,3.0095522
102,SSD,7,21.13000896312004,3.9169035
102,SSD,15,14.4907417528365,2.7608578
102,NCC,7,9.085543143213169,1.7601177
102,NCC,15,8.72592527818464,1.593684
103,SAD,7,28.75995355009954,5.2639565
103,SAD,15,17.261944260119442,3.2840202
103,SSD,7,26.134704711347045,4.8703313
103,SSD,15,14.807564698075648,2.8691933
103,NCC,7,6.046781685467817,1.5316081
103,NCC,15,4.037823490378234,1.1855599
104,SAD,7,78.46300934741899,18.397163
104,SAD,15,68.78293918251566,15.139093
104,SSD,7,77.50693352507525,18.572012
104,SSD,15,67.95565704533063,14.869831
104,NCC,7,84.81814805742775,26.803211
104,NCC,15,72.35123539218863,19.99418
105,SAD,7,27.706739902942246,5.4680047
105,SAD,15,19.44600301213714,4.128228
105,SSD,7,25.16807922117552,5.0111175
105,SSD,15,17.831655002017936,3.7778053
105,NCC,7,7.618935120928446,1.910701
105,NCC,15,6.081367077144179,1.371384
106,SAD,7,23.71453860262248,5.3119006
106,SAD,15,16.223047513025705,3.5235717
106,SSD,7,22.001806717704923,4.9748178
106,SSD,15,14.471078829465922,3.1890502
106,NCC,7,6.693067861411977,1.8676771
106,NCC,15,6.5087461561624576,1.4322827
107,SAD,7,20.053378391351934,3.7830303
107,SAD,15,13.360918569151897,2.5798926
107,SSD,7,18.634434822680056,3.5871856
107,SSD,15,12.157024634703635,2.4293046
107,NCC,7,4.811735565753346,1.5947578
107,NCC,15,5.492406059791478,1.3571786
108,SAD,7,9.562933855971886,1.9700472
108,SAD,15,6.04574374619848,1.4702908
108,SSD,7,8.28079592959827,1.8164825
108,SSD,15,6.126842831902836,1.443541
108,NCC,7,4.309837126002877,1.3135461
108,NCC,15,4.8852544483813976,1.2520658
109,SAD,7,15.597027219974738,3.148044
109,SAD,15,9.515092716322831,1.8539895
109,SSD,7,14.03924655402808,2.9332743
109,SSD,15,8.171484010324187,1.7093251
109,NCC,7,4.813377510113677,1.629293
109,NCC,15,3.9127569605886983,1.2741774
110,SAD,7,18.410252583666008,3.7678275
110,SAD,15,12.33444017460732,2.811645
110,SSD,7,16.696824982278102,3.5021377
110,SSD,15,9.960638734470022,2.451357
110,NCC,7,3.329851136066858,1.2312871
110,NCC,15,2.6237734581949783,0.995363
111,SAD,7,26.711470874149406,6.208732
111,SAD,15,18.17654976445076,4.411509
111,SSD,7,24.31578553802438,5.72621
111,SSD,15,15.95846107829208,3.9987576
111,NCC,7,5.590555597098631,1.5509098
111,NCC,15,5.037201824571898,1.2718657
112,SAD,7,32.51594589510765,8.269919
112,SAD,15,25.925545922467897,6.6310844
112,SSD,7,31.194103866345184,7.978185
112,SSD,15,24.20698028352058,6.349835
112,NCC,7,15.229398587527147,3.0826328
112,NCC,15,13.606593820003763,2.440873
113,SAD,7,37.146341951092715,8.832852
113,SAD,15,26.779037450262933,6.734718
113,SSD,7,34.435046887809165,8.286749
113,SSD,15,24.417651410633233,6.1598377
113,NCC,7,14.138324035750705,2.8075025
113,NCC,15,12.536740447483655,2.487862
114,SAD,7,37.60731248319742,9.035059
114,SAD,15,29.022313827403888,6.9462013
114,SSD,7,35.718254323864144,8.7824335
114,SSD,15,26.324939510708845,6.4239616
114,NCC,7,15.895689577919168,3.3233886
114,NCC,15,13.983331839770589,2.7311947
115,SAD,7,32.84511016140409,8.15273
115,SAD,15,24.250031119040706,5.877985
115,SSD,7,30.523629724907682,7.6535096
115,SSD,15,22.260487116717147,5.1485987
115,NCC,7,11.958010041077134,2.4054847
115,NCC,15,10.75474046720053,1.956371
116,SAD,7,24.172937668607126,5.2856584
116,SAD,15,18.18320115210645,4.1359024
116,SSD,7,22.63341514370905,4.8508244
116,SSD,15,16.70960021094907,3.8932571
116,NCC,7,7.317295795217135,1.8187162
116,NCC,15,7.350763676193181,1.8911173
117,SAD,7,21.56564873662998,4.9777284
117,SAD,15,13.046039373740506,3.18055
117,SSD,7,19.44918100552886,4.56726
117,SSD,15,11.69017723350385,2.987026
117,NCC,7,3.3441843641812636,1.0416266
117,NCC,15,3.890869632615099,1.1657428
118,SAD,7,33.3819161044946,5.871444
118,SAD,15,25.333833041836705,4.3611236
118,SSD,7,30.887537825157548,5.4370775
118,SSD,15,24.428805419061103,4.2850614
118,NCC,7,15.428500041642376,2.866092
118,NCC,15,15.067599455872962,2.437386
119,SAD,7,44.82978384407031,10.170677
119,SAD,15,31.580009559721706,6.4470563
119,SSD,7,40.94110149237878,9.253831
119,SSD,15,26.579212916246213,5.553971
119,NCC,7,10.594296032715492,2.395236
119,NCC,15,9.947421530617664,2.1799889
120,SAD,7,39.92239677689749,8.586803
120,SAD,15,30.07327691101317,6.0312333
120,SSD,7,37.545629072817235,8.100379
120,SSD,15,27.1246248276235,5.695762
120,NCC,7,11.808128058837845,2.6388662
120,NCC,15,9.930238217559419,2.221783
121,SAD,7,23.43668589725372,3.9740577
121,SAD,15,16.523147753431665,2.6697917
121,SSD,7,21.79877037921202,3.699171
121,SSD,15,15.285948408976799,2.4776614
121,NCC,7,7.205312568088592,1.6868548
121,NCC,15,5.648866532147289,1.3630096
122,SAD,7,31.61694730297301,6.0475
122,SAD,15,22.2131990001142,4.3369255
122,SSD,7,28.563996497861922,5.658342
122,SSD,15,20.264183024781435,4.0773168
122,NCC,7,8.203377786801,1.8515728
122,NCC,15,8.534558235734497,1.7618798
123,SAD,7,14.779074158732683,2.437277
123,SAD,15,10.737214525650455,1.9250118
123,SSD,7,13.672954224722227,2.3456037
123,SSD,15,10.11508417642265,1.957127
123,NCC,7,7.36320089046133,1.8372296
123,NCC,15,7.157480471467473,1.693455
124,SAD,7,21.496522324433474,3.8532856
124,SAD,15,16.74108144491811,3.0058875
124,SSD,7,20.329818263405876,3.7126338
124,SSD,15,16.309176576172312,2.813496
124,NCC,7,6.3540498092887585,1.648677
124,NCC,15,6.99798070450976,1.6026531
125,SAD,7,14.741564453777503,2.539334
125,SAD,15,9.315133871044718,1.6076055
125,SSD,7,13.433875817305399,2.348698
125,SSD,15,9.112776213430058,1.6217504
125,NCC,7,5.337660478213143,1.2684393
125,NCC,15,5.861690450054885,1.2798241
126,SAD,7,12.95184034058543,2.7167869
126,SAD,15,9.737865144958677,2.2667952
126,SSD,7,12.348220621008764,2.6395912
126,SSD,15,9.86478518533324,2.244511
126,NCC,7,7.830067057753615,2.0594122
126,NCC,15,7.704146387775701,1.7220181
127,SAD,7,14.951024201908982,2.4622805
127,SAD,15,8.76112680084367,1.6106722
127,SSD,7,13.45493869088049,2.2072484
127,SSD,15,8.92735852429128,1.5989437
127,NCC,7,5.908375933936296,1.3201123
127,NCC,15,6.620669931719873,1.3355132
128,SAD,7,34.199443090845804,8.292238
128,SAD,15,21.556735120083538,5.618665
128,SSD,7,31.232161503654716,7.707412
128,SSD,15,17.153672119735468,4.7615232
128,NCC,7,4.103724329968674,1.3858285
128,NCC,15,2.928123912286808,1.0560304
129,SAD,7,23.55630472217506,6.0056987
129,SAD,15,18.389076180543764,4.9903812
129,SSD,7,21.978608328684725,5.5878577
129,SSD,15,17.33040673279814,4.86227
129,NCC,7,4.713686303994567,1.3940461
129,NCC,15,4.810700686376755,1.216371
130,SAD,7,38.785969624553154,9.250948
130,SAD,15,30.561096518081094,8.122026
130,SSD,7,36.16613670926076,8.754668
130,SSD,15,26.736515711097507,7.5329385
130,NCC,7,5.460865443485474,1.2861674
130,NCC,15,6.060276894515434,1.3355219
131,SAD,7,38.20129976966108,9.010832
131,SAD,15,27.509049029285947,6.2997265
131,SSD,7,36.292777229351756,8.640496
131,SSD,15,24.610274761434685,5.7644057
131,NCC,7,12.46606614017769,2.4386292
131,NCC,15,9.540556103981574,2.0133755
132,SAD,7,41.995816414421064,10.375545
132,SAD,15,32.08782795346103,7.544496
132,SSD,7,40.106366979751996,9.982988
132,SSD,15,28.29662442065543,6.6937156
132,NCC,7,12.377124263429174,2.8556836
132,NCC,15,8.618733166536783,1.8170204
133,SAD,7,22.833230060305628,3.6022062
133,SAD,15,15.553790701936588,2.443665
133,SSD,7,21.775481528673538,3.4449608
133,SSD,15,15.855755216742448,2.358807
133,NCC,7,12.268835691158374,1.9302955
133,NCC,15,11.590724627562553,1.4851758
134,SAD,7,39.49983599726958,8.513327
134,SAD,15,29.774917333758854,6.7519693
134,SSD,7,37.98657837114261,8.293581
134,SSD,15,28.156166059413312,6.343135
134,NCC,7,13.387941810058242,2.7500787
134,NCC,15,7.340230313023589,1.7088603
135,SAD,7,47.9803836779621,10.910859
135,SAD,15,37.5855020048746,8.720119
135,SSD,7,45.46053148832455,10.43378
135,SSD,15,33.96002044185863,8.09771
135,NCC,7,8.582632282412138,2.294986
135,NCC,15,4.036284299080116,1.3806325
136,SAD,7,53.22248231642156,11.469854
136,SAD,15,42.665767645412444,8.586226
136,SSD,7,51.83578443845097,11.2086115
136,SSD,15,40.31347005241464,8.1411
136,NCC,7,26.7899852424813,4.32073
136,NCC,15,19.77380285990535,2.9675272
137,SAD,7,49.72373510142869,11.568776
137,SAD,15,40.591206882942615,9.946185
137,SSD,7,47.64681506038361,11.122659
137,SSD,15,36.958323466729816,9.285767
137,NCC,7,13.838898097718841,2.4503303
137,NCC,15,10.989423001026127,1.8747996
138,SAD,7,46.04837173871644,12.246348
138,SAD,15,37.68941970236961,10.0414295
138,SSD,7,43.84743042141633,11.606668
138,SSD,15,34.19756781021302,9.314411
138,NCC,7,7.191827407024512,1.7459297
138,NCC,15,4.611366542427293,1.2282085
139,SAD,7,45.83154368181428,12.015547
139,SAD,15,36.79237178936518,9.849413
139,SSD,7,43.9824757323254,11.482333
139,SSD,15,33.69341121896745,9.246178
139,NCC,7,7.408083497981273,1.6170583
139,NCC,15,4.597972682759213,1.2052473
140,SAD,7,46.10183595984813,11.490089
140,SAD,15,35.497997607531076,8.97693
140,SSD,7,43.60638685182296,11.063704
140,SSD,15,31.584750611119777,8.40135
140,NCC,7,6.544962812711291,1.4852616
140,NCC,15,4.292921412596868,1.2219527
141,SAD,7,48.099965445427124,10.28779
141,SAD,15,33.715924054652255,6.6921353
141,SSD,7,44.98164872007994,9.571179
141,SSD,15,28.98755101469036,6.0078793
141,NCC,7,14.047834735750907,2.9476118
141,NCC,15,7.008040942499323,1.4481305
142,SAD,7,22.448517494518068,4.1744123
142,SAD,15,13.644055677376299,2.211743
142,SSD,7,21.035132043092762,3.9249356
142,SSD,15,13.303222423491276,2.106544
142,NCC,7,12.765754600057203,2.5791652
142,NCC,15,8.277719515683096,1.4244931
143,SAD,7,27.817031145018312,7.2813807
143,SAD,15,18.968768287132363,4.0643053
143,SSD,7,26.93274670018856,6.971055
143,SSD,15,18.794295498385313,3.9745436
143,NCC,7,23.21788508636945,6.168014
143,NCC,15,11.003706192158477,2.5056334
144,SAD,7,38.642583470169676,9.185285
144,SAD,15,28.718038939713818,7.6912875
144,SSD,7,36.734693877551024,8.943883
144,SSD,15,27.08186722965048,7.228949
144,NCC,7,14.647353194151226,3.7887516
144,NCC,15,8.581593556963014,1.974754
145,SAD,7,24.4636345794296,5.6278214
145,SAD,15,17.29487960830088,4.4022455
145,SSD,7,22.522699335805555,5.167422
145,SSD,15,16.44268611389437,3.9429295
145,NCC,7,8.875207883564544,2.3767722
145,NCC,15,7.783367248912808,1.6399233
146,SAD,7,35.89695269978163,7.6882033
146,SAD,15,27.07652060170046,4.784027
146,SSD,7,32.99043353914711,7.1145687
146,SSD,15,25.382713859728856,4.377332
146,NCC,7,8.17084391038787,1.4940411
146,NCC,15,11.690370353947968,1.5369145
147,SAD,7,14.74362525157407,3.028956
147,SAD,15,9.018814970734319,1.8572683
147,SSD,7,13.16032423050647,2.765206
147,SSD,15,8.886796285012649,1.7828358
147,NCC,7,6.4513746561051715,1.4591988
147,NCC,15,5.904835761369301,1.2828604
148,SAD,7,22.629610889659514,6.444819
148,SAD,15,14.595648578938924,3.8030353
148,SSD,7,20.6772716614629,6.082441
148,SSD,15,13.633054016364108,3.5117583
148,NCC,7,5.380656785674618,1.4175321
148,NCC,15,7.26265256506769,1.537567
149,SAD,7,31.11273020103345,5.7929535
149,SAD,15,18.228183029594195,2.8501225
149,SSD,7,29.198262886943848,5.3728824
149,SSD,15,15.907238929738954,2.5218883
149,NCC,7,11.167566220245229,1.9192085
149,NCC,15,8.033668548858701,1.5502487
150,SAD,7,42.781185700824956,10.813507
150,SAD,15,30.777070553621904,7.927829
150,SSD,7,41.327423417879736,10.490148
150,SSD,15,28.926215795242584,7.559073
150,NCC,7,25.123550564390516,5.15715
150,NCC,15,14.069380612656962,2.7714014
151,SAD,7,46.814541129430225,11.061085
151,SAD,15,33.4780023028938,7.802107
151,SSD,7,44.40409459579153,10.600746
151,SSD,15,28.312940491705785,6.7985473
151,NCC,7,13.969201958725058,3.025835
151,NCC,15,5.911604307170604,1.2498506
152,SAD,7,26.933822834698805,5.544881
152,SAD,15,18.53311557721119,4.0259686
152,SSD,7,25.26285953380394,5.2650795
152,SSD,15,17.832606729743958,3.8595858
152,NCC,7,14.39080025374887,2.909897
152,NCC,15,8.441199098381675,1.5775278
153,SAD,7,27.945890498781896,6.1449466
153,SAD,15,23.80647091507458,4.4326324
153,SSD,7,27.492840962516564,5.8996224
153,SSD,15,24.41766038380989,4.3870373
153,NCC,7,21.526264050946704,4.320742
153,NCC,15,17.65397273154678,3.0705283
154,SAD,7,35.41178507531598,10.397458
154,SAD,15,25.229987880186993,6.945601
154,SSD,7,34.12823916431004,9.930719
154,SSD,15,24.201535176314422,6.319749
154,NCC,7,29.461534022046514,8.0928335
154,NCC,15,16.562590177180123,4.232623
155,SAD,7,35.168361978253245,8.169752
155,SAD,15,27.704314275692738,6.540182
155,SSD,7,33.575938267274644,7.8513713
155,SSD,15,25.206944931602948,6.214001
155,NCC,7,12.316730971588916,2.8780434
155,NCC,15,12.769203788144512,3.0697167
156,SAD,7,25.971630420747793,4.485997
156,SAD,15,17.521627653883755,3.0336206
156,SSD,7,23.573681589286704,4.114439
156,SSD,15,15.61618062088429,2.6890678
156,NCC,7,11.921494844410011,2.0975635
156,NCC,15,9.217346392931585,1.571226
157,SAD,7,42.4637980764498,9.824406
157,SAD,15,31.31527913135072,7.7263966
157,SSD,7,39.455420690469865,9.130226
157,SSD,15,27.422895563234007,6.734968
157,NCC,7,12.281582548261028,3.0396373
157,NCC,15,11.74999753895829,2.4513402
158,SAD,7,24.916905589526298,5.3992376
158,SAD,15,18.62202826478573,4.162083
158,SSD,7,23.825895009260904,5.2364326
158,SSD,15,17.43333417907797,3.81004
158,NCC,7,8.894273463070562,2.101121
158,NCC,15,7.517824068200847,1.4904937
159,SAD,7,36.502665973705994,8.575137
159,SAD,15,26.012973763738906,6.6072755
159,SSD,7,33.82803025928279,7.962137
159,SSD,15,23.964889992492928,6.228416
159,NCC,7,7.322284460356874,1.6999034
159,NCC,15,6.789089719158438,1.358708
160,SAD,7,30.01750087504375,6.735693
160,SAD,15,21.160058002900143,4.9131284
160,SSD,7,28.07940397019851,6.2782764
160,SSD,15,19.464973248662435,4.4993467
160,NCC,7,9.718485924296214,2.2891889
160,NCC,15,7.461373068653433,1.5032002
161,SAD,7,42.51605466820352,9.351008
161,SAD,15,34.208793018277625,6.963433
161,SSD,7,40.80996029785755,8.973074
161,SSD,15,33.185136396070035,6.6892695
161,NCC,7,27.27006604826463,5.478527
161,NCC,15,25.577693616554146,4.096042
162,SAD,7,35.11751120771635,6.867854
162,SAD,15,24.38357560114115,4.958396
162,SSD,7,32.93710093737264,6.5170183
162,SSD,15,22.42562151881538,4.4546943
162,NCC,7,17.03063442467056,3.475438
162,NCC,15,15.120228229860071,2.8115897
163,SAD,7,42.59215054405124,8.153053
163,SAD,15,28.466710429472258,4.9333735
163,SSD,7,40.07380000397844,7.8023734
163,SSD,15,26.16617930814983,4.4995184
163,NCC,7,19.650494320781362,3.8016944
163,NCC,15,16.994887708619284,2.820373
164,SAD,7,33.63393037021403,10.49478
164,SAD,15,26.2833734662356,8.5280285
164,SSD,7,32.648675614225276,10.379846
164,SSD,15,25.462167944204072,8.277892
164,NCC,7,23.549219566948395,6.238471
164,NCC,15,17.253950132870287,3.9560044
165,SAD,7,36.126095923115216,7.502566
165,SAD,15,27.320106061991407,5.6570992
165,SSD,7,34.53821381040911,7.166017
165,SSD,15,25.740351304948543,5.179386
165,NCC,7,21.253035059380494,3.789278
165,NCC,15,14.957382178740868,2.4553993
166,SAD,7,44.6319539448918,11.583786
166,SAD,15,34.38799775967974,9.475669
166,SSD,7,42.6239291911893,11.153578
166,SSD,15,32.35610074095838,8.927249
166,NCC,7,16.88779117277093,3.7758377
166,NCC,15,8.123915418728709,1.7711234
167,SAD,7,37.695967076512474,6.88126
167,SAD,15,28.56866360385873,4.8201013
167,SSD,7,36.06711012865831,6.6585803
167,SSD,15,26.28378171890758,4.680178
167,NCC,7,21.35035195126672,3.8715165
167,NCC,15,16.262083999714772,2.5096061
168,SAD,7,41.40114448244337,13.3172035
168,SAD,15,33.07486540480141,11.337708
168,SSD,7,39.343559182383544,12.704485
168,SSD,15,32.261086468244564,11.2066555
168,NCC,7,18.0735674217542,4.629175
168,NCC,15,12.206684048352692,3.0779436
169,SAD,7,56.65663992869875,14.3783655
169,SAD,15,40.82924836601307,9.580198
169,SSD,7,53.953134284016635,13.185274
169,SSD,15,35.80102495543672,8.115327
169,NCC,7,30.865641711229948,5.4404626
169,NCC,15,25.18196672608437,4.412851
170,SAD,7,32.91176010546779,6.1960974
170,SAD,15,22.181753178557862,4.1550293
170,SSD,7,30.765535271378454,5.768338
170,SSD,15,19.246754407525753,3.5462286
170,NCC,7,15.347574464281724,2.6215103
170,NCC,15,10.744531092887627,1.842142
171,SAD,7,32.21990827405466,6.052368
171,SAD,15,22.835548483713968,4.128265
171,SSD,7,30.447397978285284,5.8224735
171,SSD,15,21.411690378135532,3.7855613
171,NCC,7,16.25912579558218,2.8120458
171,NCC,15,13.579885810557842,2.2331219
172,SAD,7,25.01259272827182,5.0952725
172,SAD,15,16.970418536496016,3.9006653
172,SSD,7,23.151158531001006,4.717862
172,SSD,15,14.732347284549869,3.4444332
172,NCC,7,7.818939463320818,1.6568197
172,NCC,15,6.628354244894222,1.599633
173,SAD,7,30.27343417671981,5.2750583
173,SAD,15,19.89586700923925,3.211838
173,SSD,7,28.748872743359822,5.035052
173,SSD,15,19.382858892991443,3.3511539
173,NCC,7,18.727773902094572,3.5254421
173,NCC,15,14.721546340882409,2.8155732
174,SAD,7,30.61317183951552,7.333473
174,SAD,15,24.725712843805198,6.374018
174,SSD,7,29.603835478173103,7.3138695
174,SSD,15,24.86802927075448,6.3157
174,NCC,7,10.6555639666919,2.4819899
174,NCC,15,9.968205904617713,1.9848694
175,SAD,7,16.987646167009412,3.678954
175,SAD,15,11.837463786607424,2.9217885
175,SSD,7,16.13953977093622,3.512043
175,SSD,15,12.535462855941997,2.8337407
175,NCC,7,9.114516879568892,2.3607047
175,NCC,15,8.802293639952566,2.098046
176,SAD,7,45.51789437848419,10.697526
176,SAD,15,36.959019532746076,7.8177037
176,SSD,7,43.80399165921954,10.140722
176,SSD,15,36.18664624026554,7.5018477
176,NCC,7,20.5753436316439,4.359752
176,NCC,15,15.210221711562195,2.9346807
177,SAD,7,42.73786567102942,11.20765
177,SAD,15,33.50941615722316,8.757599
177,SSD,7,40.77052476100603,10.745239
177,SSD,15,31.65387929265991,8.335375
177,NCC,7,10.450088212366143,2.4641185
177,NCC,15,9.174086078857753,2.03836
178,SAD,7,44.532204217897565,11.148574
178,SAD,15,37.55801644817197,9.228091
178,SSD,7,42.51180685611921,10.62786
178,SSD,15,35.37578373096653,8.42732
178,NCC,7,11.948334826154221,3.045726
178,NCC,15,9.833279048937383,2.469482
179,SAD,7,46.67899717496231,14.07487
179,SAD,15,39.48211865158291,10.362664
179,SSD,7,44.95990473415509,13.515661
179,SSD,15,35.67528535414318,9.245474
179,NCC,7,14.41909370764027,4.1534286
179,NCC,15,9.339093200907051,2.2657497
180,SAD,7,30.94477282389566,9.073649
180,SAD,15,24.400345598420124,7.470841
180,SSD,7,29.92854889806218,8.964255
180,SSD,15,23.240122330869344,7.1848917
180,NCC,7,14.605647517039921,3.533995
180,NCC,15,7.6209937326000805,1.5323629
181,SAD,7,28.84876459408091,9.077381
181,SAD,15,20.825414064621235,5.9141426
181,SSD,7,28.028780885147974,8.910163
181,SSD,15,20.23486288351887,5.8321667
181,NCC,7,15.753461851751291,4.092448
181,NCC,15,6.589736627749118,1.589262
182,SAD,7,25.076851927419135,5.993656
182,SAD,15,20.654805625833127,4.6918187
182,SSD,7,24.018607687913164,5.7935114
182,SSD,15,20.30523137190892,4.635999
182,NCC,7,10.855844827117169,2.573752
182,NCC,15,8.64278135966702,1.7407237
183,SAD,7,22.925303733270237,4.790465
183,SAD,15,15.782813994876912,3.4281206
183,SSD,7,20.407995308979807,4.2674294
183,SSD,15,13.204810353163868,3.1410441
183,NCC,7,3.15409384097853,1.1038207
183,NCC,15,2.9709794562120013,1.041425
184,SAD,7,26.150564868197417,5.2499104
184,SAD,15,18.57899823374546,3.735766
184,SSD,7,24.394307994801213,5.1142426
184,SSD,15,16.684995723220137,3.3676476
184,NCC,7,6.099687850612635,1.6362494
184,NCC,15,5.322091511980538,1.3253812
185,SAD,7,15.609989456008122,3.4646852
185,SAD,15,8.864763541219197,2.2026348
185,SSD,7,14.532159175225523,3.2273035
185,SSD,15,8.245792166204554,2.0367353
185,NCC,7,4.659858632405202,1.3363225
185,NCC,15,3.4482758620689653,1.2213814
186,SAD,7,19.479612328647516,3.3814697
186,SAD,15,12.976013770565418,2.5354788
186,SSD,7,18.693792019558195,3.2410212
186,SSD,15,12.182709458532386,2.3867543
186,NCC,7,10.284267378478502,2.4878798
186,NCC,15,7.032468099437453,1.6448072
187,SAD,7,39.86736958222701,7.5368166
187,SAD,15,30.73588076089327,5.665437
187,SSD,7,37.69320557714755,7.1790695
187,SSD,15,27.937045445799825,5.126705
187,NCC,7,10.152512153512653,2.0161226
187,NCC,15,9.06222341940201,1.6361352
188,SAD,7,25.735689419644824,4.82829
188,SAD,15,17.075750231348874,3.4940474
188,SSD,7,23.22830828889966,4.4218745
188,SSD,15,14.814259903935135,3.1340144
188,NCC,7,7.92138544925748,1.6503662
188,NCC,15,6.20279381307011,1.4144115
189,SAD,7,27.11002859260828,4.099369
189,SAD,15,15.725119950472063,2.3944461
189,SSD,7,24.983911566565382,3.8098018
189,SSD,15,14.03318697610766,2.371407
189,NCC,7,13.644620761003267,2.8477361
189,NCC,15,10.52713039369822,2.132539
190,SAD,7,32.596965014060245,5.1653
190,SAD,15,20.875872959575744,3.0330627
190,SSD,7,30.183500958461057,4.7583737
190,SSD,15,18.88548290392589,2.7479327
190,NCC,7,13.295163782838904,2.3040414
190,NCC,15,10.405424805141067,1.8420188
191,SAD,7,31.099298215320857,5.3255405
191,SAD,15,19.001221031339803,3.0968215
191,SSD,7,27.658209894053947,4.8331943
191,SSD,15,15.419529101246932,2.695701
191,NCC,7,8.788958916612193,2.006339
191,NCC,15,8.189543531617312,1.6101136
192,SAD,7,28.12396553729434,4.393716
192,SAD,15,16.051282510087407,2.4775157
192,SSD,7,23.680137421380834,3.789209
192,SSD,15,11.519776690256144,1.9804207
192,NCC,7,5.4387016542456585,1.225618
192,NCC,15,5.643581186869817,1.2656952
193,SAD,7,58.78227797998572,12.038701
193,SAD,15,47.13682163538897,8.58895
193,SSD,7,54.9618386294604,11.226835
193,SSD,15,39.99845117323627,7.4484787
193,NCC,7,14.34815904729945,3.6319687
193,NCC,15,13.245050207800924,2.6901333
194,SAD,7,35.83289243417037,6.8890157
194,SAD,15,27.681006064059254,5.046054
194,SSD,7,34.31586016035163,6.778612
194,SSD,15,24.64185421838753,4.859215
194,NCC,7,12.424199259289406,3.0535383
194,NCC,15,9.393187090472509,2.3648663
195,SAD,7,40.721504173037985,7.380285
195,SAD,15,30.987263050887996,4.9649444
195,SSD,7,38.33898565705059,7.0897026
195,SSD,15,27.39768155064454,4.5071025
195,NCC,7,12.00656068203757,2.7283978
195,NCC,15,9.711176224361658,2.1802793
196,SAD,7,41.36787224434501,6.6656
196,SAD,15,33.20990188431381,4.9855857
196,SSD,7,39.25776920234821,6.255739
196,SSD,15,29.66049509421569,4.520603
196,NCC,7,13.454575310973357,3.2571642
196,NCC,15,8.722032924175869,1.7484937
197,SAD,7,46.92193562207923,10.01897
197,SAD,15,39.3455889937082,8.826193
197,SSD,7,45.71197346810857,9.841534
197,SSD,15,37.31364599284337,8.542405
197,NCC,7,21.17473440338948,5.0017824
197,NCC,15,12.585986654712505,2.7941642
198,SAD,7,43.5617558847587,8.5378685
198,SAD,15,32.874670544396984,5.3800397
198,SSD,7,41.45778424066164,8.320043
198,SSD,15,30.007270744342453,5.33676
198,NCC,7,21.703171862219396,5.2325144
198,NCC,15,14.933200036353721,3.9734516
199,SAD,7,40.22033481043821,9.963803
199,SAD,15,28.762514360741836,7.8714013
199,SSD,7,36.931724930247825,9.399263
199,SSD,15,26.32529131790579,7.545944
199,NCC,7,7.66248153618907,1.6319833
199,NCC,15,5.317577548005908,1.1827024
